0,0,0.7817698724979781,117.91905662266544,0,65.46938225848233,3.271366157849488,0,0.01836146588636012,578.6938245123804,0.6772313664905091,2.292158005717629,0,143.42863697687713,2.319511127667332,0,9108.30620401694,0,0,0.8351735867807326,6.747229465513427,2.172157212647962,16.27998154186494,0.4058430182982893,48.088385036786306,7.1664339166535065,0,0.08579888636143564,0,702.905989952276,0,4.476037984915464,0.005546255141875369,0,289.13329739905913,7.122862200122259,0,0.44622143641451834,204.917152590194,3.6995202479685037,0,1.0076537182761751,0.12790000493839865,60.5412404453352,0,4212.936330144387,0,0,0,0
0,0,0.4629862530933689,5.404951687010772,0,0.0334455991888848,0.0001260512532244402,0,0.11798397301807603,11.633228142999178,0.00941182690742487,3.532628388699345,0,6.957356904638569,0.9097959286896012,0,323.2686910626725,0,0,0.03075650578676341,0,0.0013445467010606955,2.3767804137156365,0.006932818927344211,3.1587183545512474,0.4089522825444922,0.0004621879284896141,0.8284928703598374,0,2.123165292228063,0,4.344104339873883,1.3700930883808489,0,321.72952122663327,1.3542106304745694,0,30.861338412361736,0.20100973180857398,0.09672332830755379,0,1.1454277380504883,1.384462931248435,0.1364714901576606,0,0.0004201708440814673,0,0,0,0.31769117520999746
3.0646000854769984,0.5431548501441128,0,80.09767221226302,0,0.37382599997928156,0,0,0.004285742609630968,16.857086196210837,0.08823587725710814,12.423401432378787,0.04596669034251253,16.871161919487566,0.013067313250933634,0,1272.2542064822587,0,0,0.005084067213385755,0.0005882391817140543,71.13219279250589,4.479609437090156,8.403416881629347e-05,2.850060852489001,0.6259705235125701,0,0.15172369179781786,0,5.122386794365985,0,327.5185930993033,0,0.004285742609630968,98.88905690628731,0,0.0035714521746924724,1.7629108105126126,1.5938760799386382,0,0,0.8187028896927392,0.11037888074020148,0,0,0.0004621879284896141,0,0,0,0.044748194894676276
59.14186144912188,4.486626290186317,2.1594260360722934,0,0,32.66244275260136,15.148293390415919,23.0593540769506,47.29031253553797,427.60984282467655,18.056757990232242,103.17265664461344,0.2089089436773056,318.93353636177756,120.07789441955603,0.8116860365965786,9391.01248415076,0,29.250991635335104,18.777897209929264,40.04064277467192,69.60440958634128,98.42430593564879,7.62252936790394,799.3872158194699,37.21953169334014,6.8901715866699424,19.151176987811244,0,144.08263289568993,0,2563.3793359993265,25.164914210811652,6.796389454270958,1638.2851549450563,18.4407941417227,0.21748042889656752,34.20232687907553,14.40324644969066,16.195569219288974,1.2547982087648941,47.641071156177176,8.2618613242583,29.829776973057328,0.8317702029436729,22.39262698156213,102.00172453632723,0.00021008542204073365,0,8.434047336162887
0,0,0,0,0,0,0,0,0,0,0,0,0,0,0,0,0,0,0,0,0,0,0,0,0,0,0,0,0,0,0,0,0,0,0,0,0,0,0,0,0,0,0,0,0,0,0,0,0,0
84.5640042506802,5.676970291469114,0.38382606606842046,165.53332087899022,0,0,3.5176703066500448,0.01836146588636012,2.5629581147281346,296.42502626141777,1.7855580190086038,3.4839305878703026,0.41748175067934595,276.77304764454584,2.6699756287156844,8.403416881629347e-05,5539.401651203388,0.00016806833763258693,0.20159797099028803,5.826172958202442,24.1233527054181,1.729843365083401,2527.3082572741137,2.9612380578329573,78.55972087167163,98.2887588213481,0.000630256266122201,1.9071974783701886,0,192.15101780029795,0,6.894205226773124,0.7418116252258307,2.417032780578641,564.764572791898,6.623110998171761,268.23547021240125,2.7361945537429233,57.79143235624404,0.9727795382174133,0.0030672471617947113,0.8780730299614504,0.8029464830396842,5.490330402528126,0.02214300348309333,22.859940994349536,0.11470664043424059,0,0,133.8152541155464
1.285386646214025,0.005042050128977608,0.11798397301807603,15.179638135384394,0,0.37584282003087255,0,0.010966459030526298,0.027899344047009434,140.02294220017478,0.5958022569075208,3.793764568295977,0.05063058671181682,43.95583671690744,86.31893181515527,0,2796.761760746423,0,0,1.5067746639605502,0,1.421690068034053,1594.7842372010361,0.15269008473920523,3.4078796650915577,2.226947490716185,0,1.3479921019821635,0,46.00715279479757,0,13.364079918108375,0.04096665729794306,0,378.4663247642328,0.8678628784502709,0,0.272018604458342,80.4828428250325,0.6647943095056977,0.19706012587420818,0.3574393370601043,5.690667860986169,2.158837796890579,4.201708440814673e-05,0.051008740471490135,0,0,0,0.009453843991833017
0.3315147959802777,0,0,23.848771058810865,0,0.0023529567268562174,0.2830270805732764,0,0,3.12170130318767,0.0005882391817140543,0.8743335094491255,0,2.70430358667714,0.007899211868731586,0,117.48947395167656,0,0,0,0.09949645587849149,0.5350035357689323,34.888591918713786,0,0.09634517454788045,4.740493514180339,0,0.3155062868207738,0,2.684219420330046,0,0.5070201575531067,0.0005042050128977609,0,25.756346690940727,0.08970647521139329,3.302752919902374,0,24.412976468243457,0.0005042050128977609,0,0.007815177699915292,0.003823554681141353,0.0015126150386932824,0,0.010210151511179657,0,0,0,0
0.8861823272522228,0.010588305270852978,0,399.9188614992471,0,0.2340351601533773,2.9565741614636534,0,0,314.110563310904,0.16365654376973154,92.5427544601964,0.1374799001834561,38.0796634282593,118.20292404492689,0,6175.614637365047,0,0,43.11457065288753,0.13848831020925165,0.5829450290786278,336.19108738948245,0.20676607237249006,379.1785143449509,0.09810989209302264,0,0.004873981791345022,0,272.6058352300302,0,2352.1364693344017,0.0019748029671828966,0,926.2889788665,0.5166420698825722,0,0.02857161739753978,3.072793416936587,1.1308478097608612,0,0.15462287062198,0.0031512813306110053,1.2943783022773683,0.007563075193466413,0.00823534854399676,0.4372297803511749,0,0,0.0003781537596733206
284.3627196524426,34.12098180366135,79.35220510069368,618.82194685679,0,187.15375788329942,214.5225522054872,5.466296630246666,102.75374631306423,0,62.44016055807698,393.54360928199895,9.67455973622901,275.8561928456756,197.98639249998578,7.765891659904537,361.49827144810007,0.017941295042278656,84.98850285445572,285.2497843384674,66.03203303579181,330.84269069808505,303.16292793419257,45.743075419292374,42.00405911198021,245.20603229954926,10.198008573785701,129.4907717540911,0,272.64045730758255,0,259.32784831787416,124.32842671245297,42.61788669809883,307.8655640553212,309.6305757200542,1.4058916442965899,191.60618226677752,59.42400617092259,74.86099894830687,13.686729109278534,104.35989138165004,79.66149285902205,175.7239764630045,17.95301780882853,72.9352299186283,30.943691897801703,1.6598849195438368,0,69.80008314843
0.5381968341839516,0,0.48949903335490946,90.94845820941369,0,1.1725707745781508,1.8703905124286517,0.0002521025064488804,0.01142864695901591,44.545420445322556,0,4.22490187140797,0.004075657187590233,21.185560180684888,3.2769544300757723,0,755.7360869986904,0,0.00021008542204073365,0.007815177699915292,0.0015546321231014295,0.21588377968905792,45.02437319049102,0.0006722733505303477,8.95405077279811,4.605072451132882,0.00016806833763258693,0.2974809576096789,0,18.36268438180796,0,189.707598290711,0.33550641899905165,0,33.15656366524116,0.2755480395486263,0,0.0013445467010606955,3.9831775848079025,0.741643556888198,0.0072269385182012385,0.06407605372242377,1.2910169355247167,0.3487418005876179,0.0011344612790199619,0.16458091962671076,0,0,0,0.9202161656228216
3.972547262452641,0.37231338494058824,308.7081326489577,289.4827114729973,0,9.16514460486464,18.180708389236276,0.00016806833763258693,2.994599622853026,356.65563440172355,2.0689212362571454,0,0.0013865637854688423,210.88803238709806,4.129817209392335,0.0002521025064488804,6510.789163414359,0,0,0.4680703203067546,1.8516508927826185,8.775310095725855,374.3817599547481,0.8635351187562317,28.043966851542276,3.850487632246975,0.00016806833763258693,0.7571898781192123,0,96.05458439211372,0,2637.857265189084,3.3782156034994055,10.716457378297825,618.2787920066459,2.2248466364957777,0.021470730132562982,9.56573548761191,30.393856331236698,89.15802620861375,0.7179879383664115,0.42344817666530277,3.5989313478954004,43.56129629431495,0.00953787816064931,13.977067162538827,0,0,0,0.000630256266122201
0.009075690232159695,0,8.329802949746274,0.30172468313490175,0,0.008025263121956026,1.3173616474486247,0,9.715946564371036,27.296314851583713,0.0019327858827747498,0.0020168200515910434,0,3.3355262457407284,0.9418969811774254,0,297.23751062261806,0,0,0,0.0036554863435087656,0.020252234684726728,12.963068864517023,0.007773160615507146,11.898397962698992,0.15403463144026594,0,0.0023109396424480706,0,4.361415378650039,0,21.59858812041697,0.3416409133226411,0.08983252646461772,5.686634220882987,0,0,0.4379860878705216,0.34739725388655723,0.0005042050128977609,0,4.201708440814673e-05,0,0.007058870180568651,0.000798324603754788,0.0035294350902843256,0,0,0,0.35651496120312504
48.29204184491259,0,0.7289543973969378,21.07518129994469,0,1.1601757346777477,1.1595874954960337,0,0.41945655364652884,188.16876459134704,0.6088695701584543,6.43159712743943,0.25260671146177816,0,644.8625811408363,0.23079984465395,3834.6604688237762,0,0,0.5487851394548044,0.010966459030526298,7.6675716823894735,174.59930516465164,0.008445433966037494,8.17774312127319,2.6686730990990317,0,0.1190344001282797,0,78.90585761302593,0,1093.4348734279904,3.091449002413804,0.07953834078462177,274.7807655702491,0.1433202749161885,0,1.7958522046885999,7.445133237532745,0.29508598379841455,0.03529435090284326,0.4889948283420117,0.8977790425488713,0.39302780755380456,0.024916131054031013,1.045721196749956,0,0.010252168595587804,0,0.20575766234669457
1.1745035604609255,0.46693585902773466,0.1602951770170798,39.35698279426696,0,50.375879146134636,11.720329558977266,0.005126084297793902,2.5820338710494335,124.00321447913392,9.477037422426314,7.728916625625367,40.16476124201358,44.04016500531459,0,0,1936.6069164308267,0.1602951770170798,0,0.9110144241374375,6.203780495778457,2.649597342777733,161.64476576826945,0.46256608224928736,16.35103243159912,5.184908215965307,0,0.004705913453712435,0,146.29495844103207,0,1078.0837215540519,0.10516876227359127,0,225.37157348509274,5.272513836956293,0,0.41853217778954965,4.148136658194287,65.53913061859984,0,0.7053828130439673,0.8241651106657982,0.01903373923689047,1.7721545690824048,3.0720791265016487,0.3854647323603382,0,0,7.383998379718891
0,0,0,0.01441185995199433,0,8.403416881629347e-05,0,0,0,2.3432087632735272,0,0.0005882391817140543,0,1.0326538834990222,0,0,29.49343021237011,0,0,0,0,0.2669345372449562,5.336631907763125,0,0,0.0021008542204073366,0,0.9553424481880324,0,0.0624794045149142,0,0.0007142904349384944,0,0,0.3397081274398664,0,0.0016806833763258692,0,0.22832083667386938,8.403416881629347e-05,0.08941235562053626,0,0.0013025296166525489,0.0007142904349384944,0,8.403416881629347e-05,0,0,0,0
4377.449938401876,1027.0595187954996,833.020295238984,9980.612221075036,0,2715.4004667376694,4181.769863665054,174.8615758055273,1772.1115015708867,599.100261896885,962.0448034073978,4555.351744383924,342.4710448592929,4533.802820457277,2964.6798032680817,39.46967261464962,0,2.089425573448321,36.188600510301846,1632.1101561520975,1042.847480278945,3289.3743020730603,3037.2996529511424,528.2182388249452,4007.2648868548986,3620.302161401241,52.56501126088348,1114.414717963413,0,4259.690462665793,0.005126084297793902,4237.483803299821,3076.3719699985445,374.02436263477233,4219.5878446916195,2159.8175932818926,243.4600963911375,1811.8171421315722,1251.3799508799536,1333.132423944547,262.6062313288198,1276.53175576043,1339.8893173394745,2121.7945688834156,318.6631984406955,1661.3421980823643,341.6439385527185,143.45430941545052,0,1137.5037781190401
0,0,0,0,0,0.00016806833763258693,0,0,0,0.00021008542204073365,0,0,0,0.01840348297076827,0.0806307849792336,0,1.1098812846411958,0,0,0,0,0,0.04684904911508361,0,0.0006722733505303477,0,0,0,0,0.0007142904349384944,0,0,0.0008823587725710814,0,0,0,0,0,0,0,0,0,0,0,0,0.0026470763177132445,0,0,0,0
0.009705946498281897,0,0,0.4010950877601687,0,0.029622044507743445,0,0,0.006848784758527918,0.4653392098202251,0.00016806833763258693,0,0,0.21512747216971126,0,0,27.564719986782954,0,0,4.974528674333717,0,0,0.0002521025064488804,0.0010504271102036683,0.0005042050128977609,0.07063071889009466,0,0,0,0.19953913385428884,0,0.0007142904349384944,0.06256343868373049,0,0,0,0,0,0.000630256266122201,0.0005462220973059075,0,0.0004621879284896141,0,0,0,11.240242352529782,0,0,0,0
8.403416881629347e-05,0.010672339439669271,0,10.798600778315752,0,1.4169841545803405,2.6909001367509413,0,0.005126084297793902,93.87667083890184,0.005672306395099809,4.413978751244631,0,43.60045621698334,0.08815184308829185,0,1421.2114094084752,0,1.430555672844172,0,0,4.718644630288103,16.008971347432396,4.590912693687336,1.4144631295158516,2.137913288855322,0,2.2444265978299742,0,12.669243393250852,0,12.294787137005448,0.258573137447735,0.005042050128977608,5.808399731497796,1.3818578720151298,0,0.6800465111458549,0.02873968573517237,0.39256561962531494,0,0.2109257637288966,0.08974849229580144,0.09827796043065522,0.4987007748402936,461.4681338166181,0.11218561536975179,0,0,2.8756492568935625
1.6277418499716045,0.008151314375180466,0,6.57235436020672,0,0.5087008409294326,0.23172422051092922,0.09974855838494036,0.009831997751506337,70.84412366180364,0.004327759694039114,0.1510514184472875,0.012311005731586992,10.189437088566441,0.10853012902624301,0.004915998875753168,682.7898065868628,0,0,0.005882391817140543,0,0.07689126446690853,1.6475739138122496,0.029285907832478274,0.40201946361714797,0.06504244666381115,0,0.0977317383333493,0,7.422528046121161,0,177.25558322385027,0.016932885016483136,0.028529600313131634,165.64454010141858,0.004831964706936875,0,0.10235361761824545,0.17285828525511565,0.0022689225580399238,0.004705913453712435,0.04210111857696303,0,28.988678977375045,0.05273144093222415,0.026470763177132442,0,0,0,0.009874014835914482
3.30964372174531,0.028235480722274605,2.017240222435125,45.030213565223754,0,1.8008942548175773,71.21958832807483,0.17458098571584968,0.3878176890871944,56.41133920177405,0.2752959370421774,2.636992217455289,0.04348768236243187,56.052345232590845,4.280028286151459,0.14092530110492416,3478.8163944073967,0,0,0.21353082296220172,1.2584116780239947,0,479.57232909514715,0.19714416004302449,968.031019440111,32.002942595731085,0.0021008542204073366,9.755442623714693,0,1095.0758086424662,0,4.314146158690874,0.4171456140040808,65.43702910348806,155.2108577011876,0.8752999023905128,0,0.19403489579682162,6.054367743623087,0.799753184624665,1.6952212875310881,0.7515595888085206,0.03798344430496465,235.4806739082708,0.35764942248214504,0.8781150470458586,0.014243791614361742,0,0,0.7011811046031527
380.7984410172226,59.561654139443675,43.35591678572792,760.2770413790165,0,551.5339391338698,223.24189554478139,18.2169271159961,192.6323655192777,106.69385638635377,192.4612719515677,422.1342604187756,13.263238915528824,205.18791068212008,279.82411822884336,0.8315181004372239,1413.410727602681,0.10735365066281491,0.6903827139102591,196.59394632269982,52.330976100730105,226.00363648584448,0,46.89119225074498,483.66109561307275,274.467696274324,9.208590270142663,68.41646055886974,0,442.23489746295775,0,163.31364234387664,77.0200888477039,59.5577045335093,554.4014370763883,181.27455936457392,3.1672058056016925,171.9759264825446,87.33074522478785,133.39378074184827,13.327272952166838,90.27845378144139,98.4723734802117,286.56117955993005,14.324170296834529,45.01790255949217,17.256836737269946,0,0,106.14435695646404
0.8063078497923359,0.1602951770170798,0.036008641337781755,19.997695187382174,0,20.126225448586695,9.877670322257993,0,0.4808435139668312,306.09588849421885,0.013571518263831395,0.3523972869311267,0,74.17763308749278,25.137098900933456,0,3026.935256723101,0,0,0.02777329279378499,0.15172369179781786,0.09584096953498271,3.2784250280300573,0,191.95673080199467,0.038991854330760176,0,0,0,136.15972339135214,0,0.20495933774293978,0.09252161986673911,0.011092510283750738,39.789380609911206,0.004285742609630968,16.348805526125485,0.029495993254519008,2.124930009773205,0.02457999437876584,0.15172369179781786,0.1534463922585519,0.3135314838535909,0,0,1588.2139836950498,0.0508826892182657,0,0,0.3145819109637946
72.69186696573631,18.016505623369238,10.29826133718354,367.37574726636484,0,70.19886729654773,9.128715792682776,0,12.580041123052355,13.32949985764047,4.950368850799032,13.759838836148708,2.9704818164027498,126.2992800737015,106.91179900317884,0,1222.7174925459235,0,0,4.5564586844726565,0.4331541231635847,60.56733305475266,64.75656242149812,11.993608675967854,0,103.39795225120993,6.208150272556905,9.038757214964933,0,184.65088419927494,0,39.50921069107768,5.262513770867154,1.555178345198735,49.39389786643183,56.64348359312906,0,20.34668909047624,12.363527087097177,10.163512547486613,0.4721039604099367,12.555797265348856,6.0701241502761425,8.70463735975135,0.7027777538106623,69.41310580103098,4.639106289503481,0,0,8.719259305125385
3.7993528405222605,2.0606018535443322,2.9279185098972973,156.65485884104237,0,93.46889503472077,26.10828178994336,4.222464880512298,3.2418701645949692,352.5835066492236,19.664835844700836,10.716751497888682,2.029677279419936,137.88002887827489,112.16221185373645,0,8482.033325564971,0,4.703770582407619,3.10401211065184,1.110217421316461,46.01458981873782,2669.476003564987,5.978442872097567,31.63361242378347,0,0,4.7567541258462915,0,185.65421015785708,0,646.6470046985659,2.202493547590644,55.07502784925735,1156.600458948374,1.2826975528119036,0.1654212613148737,4.075783238843458,233.11284313353408,2.58686583575637,0,4.95721763555756,1.106982105817034,7.7404293067531995,55.32864297074492,4.331079043707358,11.929406570992205,0,0,0.23210237427060254
0.0001260512532244402,0.000630256266122201,0,0.0024790079800806573,0,0.0004201708440814673,0,0,0,0.5883232158828706,0.0002521025064488804,0,0,0.12743781700990903,0.0005462220973059075,0,17.686587476596472,0,0,0,0,0.0026470763177132445,0.2574386761687151,0,2.3345112268010406,0.00016806833763258693,0,0.003403383837059886,0,4.442970539486252,0,0.0013865637854688423,0.002689093402121391,0,16.931246350191216,0,0,0,0.0002521025064488804,0.00033613667526517386,0,0,0,0,0,0.15890861323161096,0,0,0,0
0.12008482723848338,0.13239583297007038,0.004285742609630968,3.731957437131593,0,3.5869564788390784,0.20369882521069538,0.19899291175698297,0.9252582157517992,14.057319793758387,0.3011784610375958,1.6116493066432842,0.11319402539554729,11.661379589552636,0.5086588238450244,1.1158056935427447,575.3410712620323,0,0,8.82140283732159,0.01390765493909657,0.6479454586580308,128.54458903030405,8.403416881629347e-05,2.2765696674022067,0.22306870112285104,0.11495874294068947,0,0,5.272261734449844,0,0.9909729357661409,0.6818952628598134,0,64.34567735307085,0.12995884207439787,0,0.9758888024636161,0.5276085289130985,0.8437870890844027,0.11928650263472858,0.5720205871325096,0.46664173943687765,2.1626613515717206,0,0.17449695154703337,0,0,0,0.0002521025064488804
0,0,0,0,0,0,0,0,0,0,0,0,0,0,0,0,0,0,0,0,0,0,0,0,0,0,0,0,0,0,0,0,0,0,0,0,0,0,0,0,0,0,0,0,0,0,0,0,0,0
73.05791980510007,12.529242468002908,22.70620048250013,153.592485661039,0,44.81420373428147,28.329851093855307,3.3648961877420227,29.1256546725456,222.98895269664436,16.961876804724756,34.177872935949985,5.495288418488287,144.84427658475641,60.063128041854895,0.6110544585476779,4395.318207751454,0,0.3094558266660007,11.574992464009487,15.9672063655307,88.25217988585851,98.33930537389112,10.163680615824246,66.60670069924204,68.38448555763514,3.327669050956405,10.866962574647806,0,0,0,48.62069947915312,10.299773952222234,11.830540371379836,64.5615611327599,41.9064954419845,0.16353049251650711,19.174958657586252,39.67845550707369,27.264675987024376,4.624190224538589,12.984749680071626,15.692876821429909,32.85576335796324,8.028876591215127,1569.194530266858,13.443114053880098,0.3706747186486705,0,9.581365843011742
0,0,0,8.403416881629347e-05,0,0,0,0,0,0.00029411959085702717,0,0,0,0,0,0,1.2845042874414538,0,0,0,0,0,0,0,0,0,0,0,0,0,0,0,0,0,0.4450029409666821,0,0,8.403416881629347e-05,0,0,0,0.0001260512532244402,0,0,0,0.0011764783634281087,0,0,0,0
45.300047281292876,11.259402143019898,11.951213437800034,129.88258106619708,0,51.4835755423866,24.445455674490955,1.1174863769190706,73.84363928353241,100.87768349424047,11.982894319443774,116.40572729353724,8.936949819443994,123.81867544441333,31.825168311600216,0.1612615699584672,2148.86012590743,0,0.4093724533885737,11.802094805235521,13.27622219461094,21.696067756243874,124.06678632784343,7.959548401941685,17.402636020166216,78.33476140175041,2.624429109217253,6.827776216323844,0,167.93056361281262,0,0,46.69627499617559,0.5402556713199508,159.4556336535206,73.19102992850509,0.34823759557472017,19.938283030029055,17.314904347922003,20.89467590532729,3.5189308191822892,14.8480393052353,4.0192702603145,48.10439354594581,2.9735490635645445,29.762465603835473,0.730467012435631,0.09273170528877984,0,6.481639474969532
0.32117859321587366,0.0969334137295945,0,6.24882281026399,0,5.6455835294162275,0.5600457180761879,0,0.009117707316567842,83.35643324479007,0.2760942616459322,3.5646033899339447,0.04273137484308523,26.37681297639583,0.2528167968838189,0,1801.3246778302541,0,0,0.18827855523290551,0.15172369179781786,1.3795049152882737,0.836392082228569,0.16042122827030422,4.735787600726627,0.3100020487633066,0,0.004285742609630968,0,4.513727309629571,0,297.4739827736671,0,0,196.29776789470677,0.16050526243912053,0,0.00218488838922363,1.0077377524449913,1.2845042874414538,0,0.15865651072516207,0.07235341935082869,0.5245412817513039,0,0.12353022815995139,0.007815177699915292,0,0,0
0.0010504271102036683,0,0.15126150386932827,13.322062833700228,0,0.18227011216254052,0.13853032729365977,0,0,5.345455495488836,0.009243758569792282,10.35200118814156,0.006764750589711624,24.70373469234783,8.403416881629347e-05,0,380.1675124777499,0,0,0.004285742609630968,0.07033659929923763,1.1492092756472214,2.570731275343642,0.005168101382202049,0.6526933891961514,1.1479907801993852,0,8.403416881629347e-05,0,0.41571703313420383,0,0.015882457906279467,0.0001260512532244402,0,0.4348768236243187,0,0,0.0057563405639161035,0.00029411959085702717,0,0,0.14991695716826756,0.2046232010676746,0.007899211868731586,0.014117740361137303,21.98203603272572,0,0,0,4.201708440814673e-05
33559.12741816973,467.9691011504154,16.537000047189576,611.6706811076078,0,47.25018621992819,48.672086373384275,18.70411520970856,68.7354962807808,217.24567944597916,14.788122942869284,128.94929758732331,1.0539145282095446,169.19784089564675,148.73014260207503,0.034832162974353646,6039.244324346641,0,0.008529468134853788,63.82046379796902,72.23631773658317,90.0929483537794,92.12644918788048,8.949933098526111,400.9206748427905,77.04592935461491,1.7758520725103217,14.847072912293914,0,177.8345366299101,0.08920227019849553,72.00971960037005,32.23903659302046,4.10271618994908,0,52.05420956573364,0.009831997751506337,56.654744171750444,25.61676593653686,14.268539677078143,4.859780016815067,46.45387843622499,15.029889246553761,46.79009914565898,2.365435800925437,61.52212928084339,2.4075369195024,0.7772320273818982,0,849.8958689523344
1.8091716204459822,0.19575759625755565,0,15.633338612823565,0,0.6236175667857138,0.05844576441173211,0,0.20323663728220576,93.33502860379642,0.31832143147611963,1.0296706705060439,0,21.58547879008163,4.928688035244428,0,1900.9865129529762,0,0,0.01710095335411572,0,0.4341625331893802,98.08258098815733,0,4.67040901738755,5.775626405659442,0,0.015798423737463173,0,17.91133686109565,0,482.4141545990921,0.06516849791703558,0.005546255141875369,227.00418931685567,0,0,4.163598945256484,9.775316704639746,0.684080151249037,0.020504337191175608,0.8549636335369697,0.04979024502365388,0.1602951770170798,0.00642861391444645,0.625088164739999,0.13890848105333312,0.05130286006234716,0,0
0.00016806833763258693,0,0,0.16302628750360934,0,5.430287988908884,0.0015546321231014295,2.6553957004260575,0,0.9232834127846163,0,0.02294132808684812,0,0.9026950414246244,0.0001260512532244402,0.0011764783634281087,26.27992157975064,0,0,0,0,0.0007142904349384944,15.729725804455851,0.2964305304994752,0.001092444194611815,0.020840473866440782,0,0,0,0.047269219959165075,0,0.0026050592333050977,0,0,9.590189430737452,0.007563075193466413,0,0.0011344612790199619,20.346184885463344,0.00016806833763258693,0,0.001260512532244402,0,0,0,0.0001260512532244402,0,0,0,0.00021008542204073365
0.0003781537596733206,4.946377227780258,2.562117773039972,26.93240488352475,0,19.30567380718,0.08260558794641648,0,0.005546255141875369,144.47028251643948,0.08642914262755783,0.6110964756320861,0.08731150140012892,43.35847982787682,0.3483216297435365,0,4702.471372140634,0,0,0.14558919747422844,4.0779681272326815,0.11411840125252654,38.273824375309346,0,87.54562059445111,1.60404421436541,0,4.198010937386757,0,31.606259301833774,0,1796.1655681041157,0.019243824658931204,0.1602951770170798,757.4050055913821,2.949641342536309,0,0,30.834951683353424,0.9281994116603696,0.4133220593229395,19.893870971809644,0.8322744079565706,1.899634403176722,0.06067266988536389,0.2559680782144299,0,0.03214306957223225,0,0.4593727838342683
5.034276968362101,0.016176577497136493,0.03840361514904612,24.494699697417303,0,4.439273036058335,27.799343386118043,5.070285609699883,9.574769160759661,64.32895455347641,1.2104701847142993,3.9444798500679994,0.07315174395458346,41.484307777851434,3.058969796166307,0.019663995503012673,889.3068857171503,0,0.00016806833763258693,0.061765114079975696,0.49109568256241903,1.59383406285423,297.5058737407329,0.3338257356227258,46.2409358524445,11.733438889312609,8.403416881629347e-05,0.540339705488767,0,16.14535880342124,0,2.072030500503348,3.7179657480236803,0.0008403416881629346,44.83987617285485,4.801208201150112,3.942210927509959,0.9761829220544731,0,2.173375708095798,0.010252168595587804,4.69717390015554,0.2411360474183541,0.9413927761645277,0.00029411959085702717,1.3827402307877008,0.009453843991833017,0,0,0.03168088164374264
0.046092741595736966,0.011806800718689234,8.403416881629347e-05,16.773304129900993,0,1.5667750604953836,0.3468510317892513,8.403416881629347e-05,0.031344744968477466,24.108184537946762,0.23075782756954188,2.6156475385759506,8.403416881629347e-05,18.347180077661356,2.8707332580178093,0.002689093402121391,762.4641986907982,0,0.00021008542204073365,0.014916064964892091,0.004873981791345022,75.37701076192333,72.42094080547257,0.010378219848812244,8.364761163973853,5.86545893212406,0.00016806833763258693,0.01697490210089128,0,20.46736215689644,0,197.72101259486394,0.28710273776086664,0,75.64335705998657,19.313699070301954,8.403416881629347e-05,1.7566082478513907,17.32658509738747,0,0.1522278968107156,0.5594994959788819,0.16764816678850547,0.0019327858827747498,0.10399228391016317,0.3452963996661499,0.3655486343508766,0,0,2.9937592811648632
0,0.0061344943235894225,0,1.2578234388422807,0,0.34857373224998534,0.016050526243912053,0,0,5.608902614727916,0.012395039900403288,0.08911823602967923,0,2.463377624680827,0.010084100257955217,0.015966492075095762,161.7831700443099,0,0,0,0.002899178824162125,0.38613700571086856,1.0869399565543478,0.0039916230187739404,0.3555905853461458,0.003949605934365793,0,0.08142910958298837,0,0.3239937378712195,0,27.2472809140794,0,0,17.623477815815434,0,0,0.17605158367013482,0.21042155871599885,0.08138709249858023,0,0.8425265765521583,0.3944563884236815,0.0061344943235894225,0.007647109362282706,0.0001260512532244402,0,0,0,0.003025230077386565
3.353005352854517,1.3967319198956138,2.296779885002525,47.208127118435634,0,1.6792968125404006,2.7052699796185276,0.16470697087993522,0.06529454917026004,29.717339255181127,2.646151941856265,1.6310191825554399,0.017563141282605336,20.982239509233867,3.3233833083467745,0,913.6263741725855,0,0.00021008542204073365,0.6094157922557603,0.10966459030526299,8.55366997547288,6.023317118245466,1.9635003714771049,12.001381836583361,3.424938601361265,0,1.8765250067522412,0,27.667997980258175,0.00029411959085702717,254.50361475446837,0.9153842009158847,0.9658047022056608,163.3000288085284,1.5517329442772672,0.001260512532244402,7.3439560982779275,2.630689654794067,26.91723671605341,1.569716256403954,0,1.3350088229000463,1.400807577083204,0.179539001676011,1.2691680516324804,1.992114005959053,0,0,2.2345946000784678
0.42559104797011826,77.68647980641711,0.09428633741188128,1.0137461955153564,0,0.18479113722702936,0.10537884769563202,0.10974862447407928,0.009747963582690044,14.845476263086404,0.2841615418522964,1.596355087918719,0,13.49248412805967,0.4536584603547603,0.003193298415019152,497.519926700087,0,0,0.1591186986536517,0.04483222906349257,0.2844976785275615,5.26146334375695,0.9580735586745618,3.8760760366515368,0.5229026154593861,0,0.20079964638653325,0,3.6495619346072177,0,1.7492972751643732,0.14626147082475877,0.44689370976504866,0.718450126294901,0.05420203888650929,0,0.045756604920471795,0.5792895427351191,0.0863030913743334,0.0128572278288929,0.10558893311767274,0,0.4810956164732801,0.0008403416881629346,158.2858360065134,1.2290417360227002,0,0,0.06571472001434149
0.959838276219704,0.004285742609630968,0,15.025477452690904,0,0.4113892734401647,0.2829430464044601,0.0007142904349384944,4.254103745071633,139.38121527000916,0.3372291194597857,1.012485682983112,0.15172369179781786,51.97546954955278,0.16075736494556941,0,1676.5009957438824,0,0,1.2823193990522301,0.7571898781192123,4.2536835742275505,48.99855911923559,0,12.85953876853535,0.6322730861737921,0,1.6665656359647323,0,14.367742013365776,0,338.5692543669835,15.141066451897718,0,164.37717878441566,0.04382381903769705,0.002142871304815484,0.01647069708799352,7.696185316871421,0.011008476114934445,0,2.248250152511116,0.004285742609630968,0,0,0.17974908709805174,0.08079885331686616,0,0,0
0.255421856117124,0.0004201708440814673,4.548391404266292,5.506212860434405,0,0.004327759694039114,0.0012184954478362555,8.403416881629347e-05,0.5087428580138407,9.42720516031825,0.000630256266122201,0.03189096706578337,0.000630256266122201,3.2798536088999346,0.9339137351398775,0,121.59294644914499,0,0,0.041596913564065266,0.011554698212240352,0.18895082858343587,1.8845502698741974,0.0001260512532244402,0.1202108784917078,1.3460593160993888,0,0,0,10.441413543762097,0,0.1164293408949746,0.033193496682435916,0.008445433966037494,0.18327852218833607,0.04920200584193983,0,0.30382553735530904,0.002563042148896951,0.0009663929413873749,0.0017647175451421628,0.010882424861710005,0.0008823587725710814,0.0009243758569792282,0,87.9907075695866,0,0,0,0.8872327543624264
211.93946790732755,40.3164849338114,84.65039137622335,1915.2443382735303,0,270.1648106942545,177.38276893835373,62.933735248619485,113.5776833932781,504.77951249287344,42.59746639507647,341.943562381633,2.380435900059145,487.88440083527325,110.76774885639887,2.022744460492592,11549.416790781503,0,0.6208444392147762,70.3214311317663,81.2986885529855,90.02303192532426,151.064233658032,37.431802003770095,324.48063184534107,169.94234161427468,3.0817010388311146,37.92155313963145,0,588.3964936780784,0.010252168595587804,237.24778642722424,110.34215780842875,5.9877286477517675,398.5386422935238,136.62165921733532,1.1371503724220833,67.44956341246946,354.9221355502966,39.58593388720696,5.974367214909976,512.1369980923307,43.28952979236305,150.09170622232102,4.304020041348511,0,14.884384083248348,0.07159711183148204,0,55.0128845814177
0.11861422928419824,0,0,2.2296365841183063,0,0.4829863852716467,0.32054833694975143,0,0.03205903540341596,5.640457445118434,0,0.06882398426054435,0,5.6590289964268345,0.8634090675030073,0,149.5000216396855,0,0,1.1275284600926176,0,0.005546255141875369,1.3984126032719397,0,1.7330786805828284,1.2502183465644061,0,0,0,2.22888027659896,0,2.731194520698354,0,0,0.061765114079975696,0,0,0,0.47828047181793426,0.12172349353040109,0,0.08399215173188532,0.9463087750402808,0,0,119.73205179779256,0,0,0,0
0,0,0,0.009075690232159695,0,0,0,0,0,0.41617922106269345,0,0,0,0.04621879284896141,0,0,4.591711018291092,0,0,0,0,0,0,0,0,0,0,0,0,0.09613508912583973,0,8.403416881629347e-05,0,0,1.728666886719973,0,0,0.053991953464468556,0,0,0,0,0,0,0,0.0004201708440814673,0,0,0,0
0,0,0,0,0,0,0,0,0,0,0,0,0,0,0,0,0,0,0,0,0,0,0,0,0,0,0,0,0,0,0,0,0,0,0,0,0,0,0,0,0,0,0,0,0,0,0,0,0,0
0,0.011848817803097381,1.8295499063839331,5.765206168726222,0,2.2728721639742897,0.6432815622887266,0,0,20.998248018393372,0.03331954793566036,0,50.809537474311114,18.23117090761046,0.6630295919605554,0,393.0823877464507,0,0,0.425507013801302,0.19853072382849335,1.8948444555541932,6.2698313524680644,0.7266854748388978,2.2105188107125997,0.004285742609630968,0,0,0,1.3880764005075354,0,97.37026535618601,0,0,90.85022226606745,0.6411386909839111,0,1.1111838142578485,1.308243940132057,0.8721486210599018,0,1.6507251951428608,0,0,1.054880921150932,0.017184987522932012,0.005042050128977608,0,0,0
